Configure,Configure
Close,Close
"Card Number","Card Number"
"Card Type","Card Type"
"Transaction ID","Transaction ID"
"AVS Response","AVS Response"
"CVV Response","CVV Response"
N/A,N/A
"Credit Card Type","Credit Card Type"
"Credit Card Number","Credit Card Number"
"Authorization Code","Authorization Code"
"No token found.","No token found."
"Wrong request.","Wrong request."
"Deletion failure. Please try again.","Deletion failure. Please try again."
"Error while deleting this payment ID to Authorize.net server. Please try again.","Error while deleting this payment ID to Authorize.net server. Please try again."
"Stored Payment Method was successfully removed","Stored Payment Method was successfully removed"
"transactionResponse' 'errors' 'error' 'errorText","transactionResponse' 'errors' 'error' 'errorText"
"messages' 'message' 'text","messages' 'message' 'text"
"TEST BY VISH","TEST BY VISH"
"reCAPTCHA verification failed.","reCAPTCHA verification failed."
"You cannot proceed with such operation, your reCAPTCHA reputation is too low.","You cannot proceed with such operation, your reCAPTCHA reputation is too low."
"Under Title (Default)","Under Title (Default)"
"Beside Title","Beside Title"
"Error: Invalid amount for capture.","Error: Invalid amount for capture."
"Error Processing the request. No response data found from the authorize.net server","Error Processing the request. No response data found from the authorize.net server"
"Error Processing the request.","Error Processing the request."
"There is an error in payment processing, please try again.","There is an error in payment processing, please try again."
"Not able to find transaction ID for refund request.","Not able to find transaction ID for refund request."
"Error in void the payment.","Error in void the payment."
"Credit Card last 4 digits are missing, it require for refund request.","Credit Card last 4 digits are missing, it require for refund request."
"No data found in the transaction response.","No data found in the transaction response."
"Curl failed with the error.","Curl failed with the error."
". "" >> "" .",". "" >> "" ."
". "" >> "" . 'messages' 'resultCode' 'messages' 'message' 'code' 'messages' 'message' 'text'",". "" >> "" . 'messages' 'resultCode' 'messages' 'message' 'code' 'messages' 'message' 'text'"
Disabled,Disabled
"reCAPTCHA v3 Invisible (Recommended)","reCAPTCHA v3 Invisible (Recommended)"
"Authorize Only","Authorize Only"
"Authorize and Capture (Sale)","Authorize and Capture (Sale)"
"Test Mode","Test Mode"
"Live Mode","Live Mode"
"Expiration Date","Expiration Date"
"Card Verification Number","Card Verification Number"
"Save for later use.","Save for later use."
ending,ending
expires,expires
"Credit Card Typetttt","Credit Card Typetttt"
"--Please Select--","--Please Select--"
"Card Verification Number Visual Reference","Card Verification Number Visual Reference"
"What is this?","What is this?"
Type,Type
Actions,Actions
Delete,Delete
"Apple Pay By Rootways","Apple Pay By Rootways"
"Place Order","Place Order"
"Pay Now","Pay Now"
"Error processing your order, Error: ","Error processing your order, Error: "
"There are no shipping methods available for you right now. Please try again or use an alternative payment method.","There are no shipping methods available for you right now. Please try again or use an alternative payment method."
Shipping,Shipping
"We're unable to fetch the cart totals for you. Please try an alternative payment method.","We're unable to fetch the cart totals for you. Please try an alternative payment method."
"We're unable to find any shipping methods for you. Please try an alternative payment method.","We're unable to find any shipping methods for you. Please try an alternative payment method."
Total,Total
Tax,Tax
"Pay with Apple Pay","Pay with Apple Pay"
"We're unable to take payments through Apple Pay at the moment. Please try an alternative payment method.","We're unable to take payments through Apple Pay at the moment. Please try an alternative payment method."
"Unable to place order","Unable to place order"
Store,Store
Error,Error
"Rootways Extensions","Rootways Extensions"
"Authorize.net Payment","Authorize.net Payment"
Settings,Settings
Status:,Status:
"License Key","License Key"
"Is Multi Store","Is Multi Store"
"Payment Module for Authorize.net (by <a href=""https://www.rootways.com"" target=""_blank"">Rootways Inc.</a>)","Payment Module for Authorize.net (by <a href=""https://www.rootways.com"" target=""_blank"">Rootways Inc.</a>)"
"Basic Authorize.net Settings.","Basic Authorize.net Settings."
"API Authentication Status:","API Authentication Status:"
Environment,Environment
"API Login ID","API Login ID"
"Transaction Key","Transaction Key"
"Client Key","Client Key"
"Gateway URL","Gateway URL"
Debug,Debug
"Authorize.net CIM (Customer Information Manager) Settings.","Authorize.net CIM (Customer Information Manager) Settings."
Enable,Enable
Title,Title
"Enable Accept.js","Enable Accept.js"
"Vault Enabled (Save Credit Card)","Vault Enabled (Save Credit Card)"
"Credit Card Types","Credit Card Types"
"Credit Card Logo Location","Credit Card Logo Location"
"Payment Action","Payment Action"
"Payment from Applicable Countries","Payment from Applicable Countries"
"Payment from Specific Countries","Payment from Specific Countries"
"Message in Checkout Page","Message in Checkout Page"
"Minimum Order Total","Minimum Order Total"
"Maximum Order Total","Maximum Order Total"
"Sort Order","Sort Order"
"API Request Parameter Settings","API Request Parameter Settings"
"Transfer Billing Address Details","Transfer Billing Address Details"
"Transfer Shipping Address Details","Transfer Shipping Address Details"
"Transfer Cart Line Items","Transfer Cart Line Items"
"Google reCAPTCHA Settings","Google reCAPTCHA Settings"
"Enable Google reCAPTCHA","Enable Google reCAPTCHA"
"Google reCAPTCHA v2 Site Key","Google reCAPTCHA v2 Site Key"
"Google reCAPTCHA v2 Secret Key","Google reCAPTCHA v2 Secret Key"
"Google reCAPTCHA v3 Site Key","Google reCAPTCHA v3 Site Key"
"Google reCAPTCHA v3 Secret Key","Google reCAPTCHA v3 Secret Key"
"Minimum Score Threshold","Minimum Score Threshold"
"reCAPTCHA v2 Validation Failure Message.","reCAPTCHA v2 Validation Failure Message."
"reCAPTCHA v3 Validation Failure Message.","reCAPTCHA v3 Validation Failure Message."
"Include Google reCAPTCHA JS on Checkout page","Include Google reCAPTCHA JS on Checkout page"
"Hosted Payment Information Form Settings","Hosted Payment Information Form Settings"
"Save Credit Card","Save Credit Card"
"Hosted Form Place Order Button Text","Hosted Form Place Order Button Text"
"Color of the Form","Color of the Form"
"Show Bank Account Payment Option","Show Bank Account Payment Option"
"ApplePay Through Authorize.net","ApplePay Through Authorize.net"
"Enable ApplePay","Enable ApplePay"
"Instant Purchase Button","Instant Purchase Button"
"Merchant Identifier","Merchant Identifier"
"Domain Name","Domain Name"
"Display Name","Display Name"
"Merchant Country","Merchant Country"
"Accepted Currency","Accepted Currency"
"VISA Checkout","VISA Checkout"
"Visa Checkout API Key","Visa Checkout API Key"
Locale,Locale
"Unknown Error.","Unknown Error."
"This transaction has been declined.","This transaction has been declined."
"A valid amount is required.","A valid amount is required."
"The credit card number is invalid.","The credit card number is invalid."
"Credit card expiration date is invalid.","Credit card expiration date is invalid."
"The credit card has expired.","The credit card has expired."
"The ABA code is invalid.","The ABA code is invalid."
"The account number is invalid.","The account number is invalid."
"A duplicate transaction has been submitted.","A duplicate transaction has been submitted."
"An authorization code is required but not present.","An authorization code is required but not present."
"The merchant login ID or password is invalid or the account is inactive.","The merchant login ID or password is invalid or the account is inactive."
"The referrer, relay response or receipt link URL is invalid.","The referrer, relay response or receipt link URL is invalid."
"The transaction ID is invalid or not present.","The transaction ID is invalid or not present."
"The transaction cannot be found.","The transaction cannot be found."
"The merchant does not accept this type of credit card.","The merchant does not accept this type of credit card."
"ACH transactions are not accepted by this merchant.","ACH transactions are not accepted by this merchant."
"An error occurred during processing. Please try again.","An error occurred during processing. Please try again."
"The Elavon bank number or terminal ID is incorrect. Call Merchant Service Provider.","The Elavon bank number or terminal ID is incorrect. Call Merchant Service Provider."
"The transaction has been declined because of an AVS mismatch. The address provided does not match billing address of cardholder.","The transaction has been declined because of an AVS mismatch. The address provided does not match billing address of cardholder."
"The Paymentech identification numbers are incorrect. Call Merchant Service Provider.","The Paymentech identification numbers are incorrect. Call Merchant Service Provider."
"The configuration with processor is invalid. Call Merchant Service Provider.","The configuration with processor is invalid. Call Merchant Service Provider."
"The FDC Merchant ID or Terminal ID is incorrect. Call Merchant Service Provider.","The FDC Merchant ID or Terminal ID is incorrect. Call Merchant Service Provider."
"The merchant password is invalid or not present.","The merchant password is invalid or not present."
"Require field is empty, it cannot be left blank.","Require field is empty, it cannot be left blank."
"The VITAL identification numbers are incorrect. Call Merchant Service Provider.","The VITAL identification numbers are incorrect. Call Merchant Service Provider."
"An error occurred during processing. Call Merchant Service Provider.","An error occurred during processing. Call Merchant Service Provider."
"The authorization was approved but settlement failed.","The authorization was approved but settlement failed."
"The Global Payment System identification numbers are incorrect. Call Merchant Service Provider.","The Global Payment System identification numbers are incorrect. Call Merchant Service Provider."
"The supplied currency code is either invalid, not supported, not allowed for this merchant or doesnt have an exchange rate.","The supplied currency code is either invalid, not supported, not allowed for this merchant or doesnt have an exchange rate."
"This transaction must be encrypted.","This transaction must be encrypted."
"There is missing or invalid information in a required field.","There is missing or invalid information in a required field."
"The merchant was incorrectly set up at the processor. Call Merchant Service Provider.","The merchant was incorrectly set up at the processor. Call Merchant Service Provider."
"Your session has expired or does not exist. You must log in again to continue working.","Your session has expired or does not exist. You must log in again to continue working."
"The amount requested for settlement cannot be greater than the original amount authorized.","The amount requested for settlement cannot be greater than the original amount authorized."
"This processor does not accept partial reversals.","This processor does not accept partial reversals."
"The transaction amount submitted was greater than the maximum amount allowed.","The transaction amount submitted was greater than the maximum amount allowed."
"This transaction is awaiting settlement and cannot be refunded.","This transaction is awaiting settlement and cannot be refunded."
"The sum of all credits against this transaction is greater than the original transaction amount.","The sum of all credits against this transaction is greater than the original transaction amount."
"The transaction was authorized but the client could not be notified; it will not be settled.","The transaction was authorized but the client could not be notified; it will not be settled."
"The transaction type is invalid for ACH transactions.","The transaction type is invalid for ACH transactions."
"The referenced transaction does not meet the criteria for issuing a credit.","The referenced transaction does not meet the criteria for issuing a credit."
"The sum of credits against the referenced transaction would exceed original debit amount.","The sum of credits against the referenced transaction would exceed original debit amount."
"Credit card transactions are not accepted by this merchant.","Credit card transactions are not accepted by this merchant."
"The referenced transaction was not approved.","The referenced transaction was not approved."
"This transaction cannot be accepted for processing.","This transaction cannot be accepted for processing."
"The given transaction type is not supported for this merchant.","The given transaction type is not supported for this merchant."
"The version parameter is invalid.","The version parameter is invalid."
"The transaction type is invalid.","The transaction type is invalid."
"The transaction method is invalid.","The transaction method is invalid."
"The bank account type is invalid.","The bank account type is invalid."
"The authorization code is invalid.","The authorization code is invalid."
"The drivers license date of birth is invalid.","The drivers license date of birth is invalid."
"The duty amount is invalid.","The duty amount is invalid."
"The freight amount is invalid.","The freight amount is invalid."
"The tax amount is invalid.","The tax amount is invalid."
"The SSN or tax ID is invalid.","The SSN or tax ID is invalid."
"The card code is invalid.","The card code is invalid."
"The drivers license number is invalid.","The drivers license number is invalid."
"The drivers license state is invalid.","The drivers license state is invalid."
"The requested form type is invalid.","The requested form type is invalid."
"Scripts are only supported in version 2.5.","Scripts are only supported in version 2.5."
"The requested script is either invalid or no longer supported.","The requested script is either invalid or no longer supported."
"The device type is invalid or missing.","The device type is invalid or missing."
"The market type is invalid.","The market type is invalid."
"The Response Format is invalid.","The Response Format is invalid."
"Transactions of this market type cannot be processed on this system.","Transactions of this market type cannot be processed on this system."
"Track1 data is not in a valid format.","Track1 data is not in a valid format."
"Track2 data is not in a valid format.","Track2 data is not in a valid format."
"ACH transactions cannot be accepted by this system.","ACH transactions cannot be accepted by this system."
"Version 2.5 is no longer supported.","Version 2.5 is no longer supported."
"The gateway no longer supports the requested method of integration.","The gateway no longer supports the requested method of integration."
"A valid country is required.","A valid country is required."
"The shipping state or country is invalid.","The shipping state or country is invalid."
"A valid state is required.","A valid state is required."
"This country is not authorized for buyers.","This country is not authorized for buyers."
"This transaction cannot be accepted.","This transaction cannot be accepted."
"The eCheck type parameter is invalid.","The eCheck type parameter is invalid."
"The given name on the account and/or the account type does not match the actual account.","The given name on the account and/or the account type does not match the actual account."
"This request cannot be accepted.","This request cannot be accepted."
"The transaction is currently under review.","The transaction is currently under review."
"A valid billing country is required.","A valid billing country is required."
"A valid billing state/province is required.","A valid billing state/province is required."
"The commercial card type is invalid.","The commercial card type is invalid."
"The merchant account is in test mode. This automated payment will not be processed.","The merchant account is in test mode. This automated payment will not be processed."
"The merchant account is not active. This automated payment will not be processed.","The merchant account is not active. This automated payment will not be processed."
"The authentication indicator is invalid.","The authentication indicator is invalid."
"The cardholder authentication value is invalid.","The cardholder authentication value is invalid."
"The combination of card type, authentication indicator and cardholder authentication value is invalid.","The combination of card type, authentication indicator and cardholder authentication value is invalid."
"Transactions having cardholder authentication values cannot be marked as recurring.","Transactions having cardholder authentication values cannot be marked as recurring."
"This account has not been given the permission(s) required for this request.","This account has not been given the permission(s) required for this request."
"This processor does not accept recurring transactions.","This processor does not accept recurring transactions."
"The surcharge amount is invalid.","The surcharge amount is invalid."
"The Tip amount is invalid.","The Tip amount is invalid."
"The transaction resulted in an AVS mismatch. The address provided does not match billing address of cardholder.","The transaction resulted in an AVS mismatch. The address provided does not match billing address of cardholder."
"This transaction cannot be processed.","This transaction cannot be processed."
"This merchant account has been closed.","This merchant account has been closed."
"This transaction cannot be accepted at this time.","This transaction cannot be accepted at this time."
"There was an error processing the payment data.","There was an error processing the payment data."
"Processing Apple Payments is not enabled for this merchant account.","Processing Apple Payments is not enabled for this merchant account."
"This processor does not support this method of submitting payment data.","This processor does not support this method of submitting payment data."
"The cryptogram is either invalid or cannot be used in combination with other parameters.","The cryptogram is either invalid or cannot be used in combination with other parameters."
"An error occurred during processing. Please contact the merchant.","An error occurred during processing. Please contact the merchant."
"The transaction type is invalid. Please contact the merchant.","The transaction type is invalid. Please contact the merchant."
"This processor does not allow voiding of credits.","This processor does not allow voiding of credits."
"One or more of the sub-merchant values are invalid.","One or more of the sub-merchant values are invalid."
"One or more of the required sub-merchant values are missing.","One or more of the required sub-merchant values are missing."
"Invalid Token Requestor Name.","Invalid Token Requestor Name."
"Invalid Token Requestor ID Length.","Invalid Token Requestor ID Length."
"Invalid Token Requestor ECI Length.","Invalid Token Requestor ECI Length."
"One or more of the HTML type configuration fields do not appear to be safe.","One or more of the HTML type configuration fields do not appear to be safe."
"Conversion rate for this card is available.","Conversion rate for this card is available."
"Recurring billing is not allowed for this eCheck.Net type.","Recurring billing is not allowed for this eCheck.Net type."
"This eCheck.Net type is not allowed for this Bank Account Type.","This eCheck.Net type is not allowed for this Bank Account Type."
"This eCheck.Net type is not allowed when using the payment gateway hosted payment form.","This eCheck.Net type is not allowed when using the payment gateway hosted payment form."
"This eCheck.Net type is not allowed.","This eCheck.Net type is not allowed."
"The check number is invalid.","The check number is invalid."
"Your order has been received. Thank you for your business!","Your order has been received. Thank you for your business!"
"Reversal not supported for this transaction type.","Reversal not supported for this transaction type."
"The PayformMask is invalid.","The PayformMask is invalid."
"Line item is invalid.","Line item is invalid."
"The number of line items submitted is not allowed.","The number of line items submitted is not allowed."
"The auction platform name is invalid.","The auction platform name is invalid."
"The auction platform ID is invalid.","The auction platform ID is invalid."
"The auction listing type is invalid.","The auction listing type is invalid."
"The auction listing ID is invalid.","The auction listing ID is invalid."
"The auction seller ID is invalid.","The auction seller ID is invalid."
"The auction buyer ID is invalid.","The auction buyer ID is invalid."
"One or more required auction values were not submitted.","One or more required auction values were not submitted."
"The combination of auction platform ID and auction platform name is invalid.","The combination of auction platform ID and auction platform name is invalid."
"This processor does not accept zero dollar authorization for this card type.","This processor does not accept zero dollar authorization for this card type."
"There is one or more missing or invalid required fields.","There is one or more missing or invalid required fields."
"The amount of this request was only partially approved on the given prepaid card. An additional payment is required to fulfill the balance of this transaction.","The amount of this request was only partially approved on the given prepaid card. An additional payment is required to fulfill the balance of this transaction."
"The specified SplitTenderID is invalid.","The specified SplitTenderID is invalid."
"Transaction ID and Split Tender ID cannot both be used in the same request.","Transaction ID and Split Tender ID cannot both be used in the same request."
"This order has already been released or voided therefore new transaction associations cannot be accepted.","This order has already been released or voided therefore new transaction associations cannot be accepted."
"The device ID is invalid.","The device ID is invalid."
"The device batch ID is invalid.","The device batch ID is invalid."
"The reversal flag is invalid.","The reversal flag is invalid."
"The device batch is full. Please close the batch.","The device batch is full. Please close the batch."
"The original transaction is in a closed batch.","The original transaction is in a closed batch."
"The merchant is configured for auto-close.","The merchant is configured for auto-close."
"The batch is already closed.","The batch is already closed."
"The reversal was processed successfully.","The reversal was processed successfully."
"Original transaction for reversal not found.","Original transaction for reversal not found."
"The device has been disabled.","The device has been disabled."
"This transaction has already been voided.","This transaction has already been voided."
"This transaction has already been captured.","This transaction has already been captured."
"The specified security code was invalid.","The specified security code was invalid."
"A new security code was requested.","A new security code was requested."
"The device identifier is either not registered or not enabled.","The device identifier is either not registered or not enabled."
"The request data did not pass the required fields check for this application.","The request data did not pass the required fields check for this application."
"The request field(s) are either invalid or missing.","The request field(s) are either invalid or missing."
"The void request failed. Either the original transaction type does not support void, or the transaction is in the process of being settled.","The void request failed. Either the original transaction type does not support void, or the transaction is in the process of being settled."
"A validation error occurred at the processor.","A validation error occurred at the processor."
"V.me transactions are not accepted by this merchant.","V.me transactions are not accepted by this merchant."
"The x_call_id value is missing.","The x_call_id value is missing."
"The x_call_id value is not found or invalid.","The x_call_id value is not found or invalid."
"A validation error was returned from V.me.","A validation error was returned from V.me."
"The V.me transaction is in an invalid state.","The V.me transaction is in an invalid state."
"Use x_method to specify method or send only x_call_id or card/account information.","Use x_method to specify method or send only x_call_id or card/account information."
"V.me by Visa does not support voids on captured or credit transactions. Please allow the transaction to settle.","V.me by Visa does not support voids on captured or credit transactions. Please allow the transaction to settle."
"The x_discount value is invalid.","The x_discount value is invalid."
"The x_giftwrap value is invalid.","The x_giftwrap value is invalid."
"The x_subtotal value is invalid.","The x_subtotal value is invalid."
"The x_misc value is invalid.","The x_misc value is invalid."
"Country must be a valid two or three-character value if specified.","Country must be a valid two or three-character value if specified."
"Employee ID must be 1.","Employee ID must be 1."
"An error occurred while parsing the EMV data.","An error occurred while parsing the EMV data."
"EMV-based transactions are not currently supported for this processor and card type.","EMV-based transactions are not currently supported for this processor and card type."
"Opaque Descriptor is required.","Opaque Descriptor is required."
"EMV data is not supported with this transaction type.","EMV data is not supported with this transaction type."
"EMV data is not supported with this market type.","EMV data is not supported with this market type."
"An error occurred while decrypting the EMV data.","An error occurred while decrypting the EMV data."
"The EMV version is invalid.","The EMV version is invalid."
"The EMV version is required.","The EMV version is required."
"The POS Entry Mode value is invalid.","The POS Entry Mode value is invalid."
"Signature data is too large.","Signature data is too large."
"Signature must be PNG formatted data.","Signature must be PNG formatted data."
"Terminal/lane number must be numeric.","Terminal/lane number must be numeric."
"KSN is duplicated.","KSN is duplicated."
"This transaction cannot be accepted at this time due to system maintenance. Please try again later.","This transaction cannot be accepted at this time due to system maintenance. Please try again later."
"Need payer consent.","Need payer consent."
"PayPal transactions are not accepted by this merchant.","PayPal transactions are not accepted by this merchant."
"PayPal transactions require x_version of at least 3.1.","PayPal transactions require x_version of at least 3.1."
"Request completed successfully.","Request completed successfully."
"Success URL is required.","Success URL is required."
"Cancel URL is required.","Cancel URL is required."
"Payer ID is required.","Payer ID is required."
"This processor does not accept zero dollar authorizations.","This processor does not accept zero dollar authorizations."
"The referenced transaction does not meet the criteria for issuing a Continued Authorization.","The referenced transaction does not meet the criteria for issuing a Continued Authorization."
"The referenced transaction does not meet the criteria for issuing a Continued Authorization w/ Auto Capture.","The referenced transaction does not meet the criteria for issuing a Continued Authorization w/ Auto Capture."
"PayPal transactions require valid URL for success_url.","PayPal transactions require valid URL for success_url."
"PayPal transactions require valid URL for cancel_url.","PayPal transactions require valid URL for cancel_url."
"Payment not authorized. Payment has not been authorized by the user.","Payment not authorized. Payment has not been authorized by the user."
"This transaction has already been authorized.","This transaction has already been authorized."
"The totals of the cart item amounts do not match order amounts. Be sure the total of the payment detail item parameters add up to the order total.","The totals of the cart item amounts do not match order amounts. Be sure the total of the payment detail item parameters add up to the order total."
"PayPal has rejected the transaction.Invalid Payer ID.","PayPal has rejected the transaction.Invalid Payer ID."
"PayPal has already captured this transaction.","PayPal has already captured this transaction."
"PayPal has rejected the transaction. This Payer ID belongs to a different customer.","PayPal has rejected the transaction. This Payer ID belongs to a different customer."
"PayPal has rejected the transaction. x_paypal_hdrimg exceeds maximum allowable length.","PayPal has rejected the transaction. x_paypal_hdrimg exceeds maximum allowable length."
"PayPal has rejected the transaction. x_paypal_payflowcolor must be a 6 character hexadecimal value.","PayPal has rejected the transaction. x_paypal_payflowcolor must be a 6 character hexadecimal value."
"The amount requested for settlement cannot be different than the original amount authorized. Please void transaction if required.","The amount requested for settlement cannot be different than the original amount authorized. Please void transaction if required."
Successful.,Successful.
"The subscription has already been canceled.","The subscription has already been canceled."
"The record has already been deleted.","The record has already been deleted."
"No records found.","No records found."
"The mobile device has been submitted for approval by the account administrator.","The mobile device has been submitted for approval by the account administrator."
"The mobile device is approved and ready for use.","The mobile device is approved and ready for use."
"The Payment Gateway Account service (id=8) has already been accepted.","The Payment Gateway Account service (id=8) has already been accepted."
"The Payment Gateway Account service (id=8) has already been declined.","The Payment Gateway Account service (id=8) has already been declined."
"The APIUser already exists.","The APIUser already exists."
"The merchant is activated successfully.","The merchant is activated successfully."
"The merchant is not activated.","The merchant is not activated."
"This feature has not yet been completed. One day it will be but it looks like today is not that day.","This feature has not yet been completed. One day it will be but it looks like today is not that day."
"The content-type specified is not supported.","The content-type specified is not supported."
"An error occurred while parsing the XML request.","An error occurred while parsing the XML request."
"The name of the requested API method is invalid.","The name of the requested API method is invalid."
"The transaction key or API key is invalid or not present.","The transaction key or API key is invalid or not present."
"The API user name is invalid or not present.","The API user name is invalid or not present."
"User authentication failed due to invalid authentication values.","User authentication failed due to invalid authentication values."
"User authentication failed. The account or API user is inactive.","User authentication failed. The account or API user is inactive."
"The payment gateway account is in Test Mode. The request cannot be processed.","The payment gateway account is in Test Mode. The request cannot be processed."
"User authentication failed. You do not have the appropriate permissions.","User authentication failed. You do not have the appropriate permissions."
"Access denied. You do not have the appropriate permissions.","Access denied. You do not have the appropriate permissions."
"A duplicate subscription already exists.","A duplicate subscription already exists."
"The field is invalid.","The field is invalid."
"A required field is not present.","A required field is not present."
"The field length is invalid.","The field length is invalid."
"The field type is invalid.","The field type is invalid."
"The start date cannot occur in the past.","The start date cannot occur in the past."
"The credit card expires before the subscription start date.","The credit card expires before the subscription start date."
"The customer tax id or drivers license information is required.","The customer tax id or drivers license information is required."
"The payment gateway account is not enabled for eCheck.Net subscriptions.","The payment gateway account is not enabled for eCheck.Net subscriptions."
"The payment gateway account is not enabled for credit card subscriptions.","The payment gateway account is not enabled for credit card subscriptions."
"The interval length cannot exceed 365 days or 12 months.","The interval length cannot exceed 365 days or 12 months."
"The subscription duration cannot exceed three years.","The subscription duration cannot exceed three years."
"Trial Occurrences is required when Trial Amount is specified.","Trial Occurrences is required when Trial Amount is specified."
"Automated Recurring Billing is not enabled.","Automated Recurring Billing is not enabled."
"Both Trial Amount and Trial Occurrences are required.","Both Trial Amount and Trial Occurrences are required."
"The transaction was unsuccessful.","The transaction was unsuccessful."
"Trial Occurrences must be less than Total Occurrences.","Trial Occurrences must be less than Total Occurrences."
"The payment schedule is required.","The payment schedule is required."
"The amount is required.","The amount is required."
"The start date is required.","The start date is required."
"The start date cannot be changed.","The start date cannot be changed."
"The interval information cannot be changed.","The interval information cannot be changed."
"The subscription cannot be found.","The subscription cannot be found."
"The payment type cannot be changed.","The payment type cannot be changed."
"The subscription cannot be updated.","The subscription cannot be updated."
"The subscription cannot be canceled.","The subscription cannot be canceled."
"A duplicate record already exists.","A duplicate record already exists."
"The record cannot be found.","The record cannot be found."
"One or more fields must contain a value.","One or more fields must contain a value."
"You cannot add more than {0} payment profiles.","You cannot add more than {0} payment profiles."
"You cannot add more than {0} shipping addresses.","You cannot add more than {0} shipping addresses."
"Customer Information Manager is not enabled.","Customer Information Manager is not enabled."
"The root node does not reference a valid XML namespace.","The root node does not reference a valid XML namespace."
"Generic InsertNewMerchant failure.","Generic InsertNewMerchant failure."
"Merchant Boarding API is not enabled.","Merchant Boarding API is not enabled."
"At least one payment method must be set in payment types or an echeck service must be provided.","At least one payment method must be set in payment types or an echeck service must be provided."
"The operation timed out before it could be completed.","The operation timed out before it could be completed."
"Sell Rates cannot be less than Buy Rates.","Sell Rates cannot be less than Buy Rates."
"The original transaction was not issued for this payment profile.","The original transaction was not issued for this payment profile."
"The maximum number of elements for an array {0} is {1}.","The maximum number of elements for an array {0} is {1}."
"Server too busy.","Server too busy."
"The mobile device is not registered with this merchant account.","The mobile device is not registered with this merchant account."
"The mobile device has already been registered but is pending approval by the account administrator.","The mobile device has already been registered but is pending approval by the account administrator."
"The mobile device has been disabled for use with this account.","The mobile device has been disabled for use with this account."
"The user does not have permissions to submit requests from a mobile device.","The user does not have permissions to submit requests from a mobile device."
"The merchant has met or exceeded the number of pending mobile devices permitted for this account.","The merchant has met or exceeded the number of pending mobile devices permitted for this account."
"The authentication type is not allowed for this method call.","The authentication type is not allowed for this method call."
{0}({1}).,{0}({1}).
"Fatal error when calling web service.","Fatal error when calling web service."
"Calling web service return error.","Calling web service return error."
"Client authorization denied.","Client authorization denied."
"Prerequisite failed.","Prerequisite failed."
"Invalid value.","Invalid value."
"An error occurred while parsing the XML request. Too many {0} specified.","An error occurred while parsing the XML request. Too many {0} specified."
"An error occurred while parsing the XML request. {0} is invalid.","An error occurred while parsing the XML request. {0} is invalid."
"The Payment Gateway Account service (id=8) has already been accepted. Decline is not allowed.","The Payment Gateway Account service (id=8) has already been accepted. Decline is not allowed."
"The Payment Gateway Account service (id=8) has already been declined. Agree is not allowed.","The Payment Gateway Account service (id=8) has already been declined. Agree is not allowed."
"{0} must contain data.","{0} must contain data."
"Node {0} is required.","Node {0} is required."
"{0} is invalid.","{0} is invalid."
"This merchant is not associated with this reseller.","This merchant is not associated with this reseller."
"An error occurred while parsing the XML request. Missing field(s) {0}.","An error occurred while parsing the XML request. Missing field(s) {0}."
"{0} contains invalid value.","{0} contains invalid value."
"The value of {0} is too long. The length of value should be {1}.","The value of {0} is too long. The length of value should be {1}."
"Pending Status (not completed).","Pending Status (not completed)."
"The impersonation login ID is invalid or not present.","The impersonation login ID is invalid or not present."
"The impersonation API Key is invalid or not present.","The impersonation API Key is invalid or not present."
"Partner account is not authorized to impersonate the login account.","Partner account is not authorized to impersonate the login account."
"Country for {0} is not valid.","Country for {0} is not valid."
"Bank payment method is not accepted for the selected business country.","Bank payment method is not accepted for the selected business country."
"Credit card payment method is not accepted for the selected business country.","Credit card payment method is not accepted for the selected business country."
"State for {0} is not valid.","State for {0} is not valid."
"Merchant has declined authorization to resource.","Merchant has declined authorization to resource."
"No subscriptions found for the given request.","No subscriptions found for the given request."
"ProfileIds cannot be sent when requesting CreateProfile.","ProfileIds cannot be sent when requesting CreateProfile."
"Payment data is required when requesting CreateProfile.","Payment data is required when requesting CreateProfile."
"PaymentProfile cannot be sent with payment data.","PaymentProfile cannot be sent with payment data."
"PaymentProfileId cannot be sent with payment data.","PaymentProfileId cannot be sent with payment data."
"ShippingProfileId cannot be sent with ShipTo data.","ShippingProfileId cannot be sent with ShipTo data."
"PaymentProfile cannot be sent with billing data.","PaymentProfile cannot be sent with billing data."
"Paging Offset exceeds the maximum allowed value.","Paging Offset exceeds the maximum allowed value."
"ShippingProfileId is not provided within Customer Profile.","ShippingProfileId is not provided within Customer Profile."
"Finger Print value is not valid.","Finger Print value is not valid."
"Finger Print can't be generated.","Finger Print can't be generated."
"Customer Profile ID or Shipping Profile ID not found.","Customer Profile ID or Shipping Profile ID not found."
"Customer profile creation failed. This transaction ID is invalid.","Customer profile creation failed. This transaction ID is invalid."
"Customer profile creation failed. This transaction type does not support profile creation.","Customer profile creation failed. This transaction type does not support profile creation."
"Customer profile creation failed.","Customer profile creation failed."
"Customer Info is missing.","Customer Info is missing."
"Customer profile creation failed. This payment method does not support profile creation.","Customer profile creation failed. This payment method does not support profile creation."
"Server in maintenance. Please try again later.","Server in maintenance. Please try again later."
"The specified payment profile is associated with an active or suspended subscription and cannot be deleted.","The specified payment profile is associated with an active or suspended subscription and cannot be deleted."
"The specified customer profile is associated with an active or suspended subscription and cannot be deleted.","The specified customer profile is associated with an active or suspended subscription and cannot be deleted."
"The specified shipping profile is associated with an active or suspended subscription and cannot be deleted.","The specified shipping profile is associated with an active or suspended subscription and cannot be deleted."
"CustomerProfileId cannot be sent with customer data.","CustomerProfileId cannot be sent with customer data."
"CustomerAddressId cannot be sent with shipTo data.","CustomerAddressId cannot be sent with shipTo data."
"CustomerPaymentProfileId is not provided within Customer Profile.","CustomerPaymentProfileId is not provided within Customer Profile."
"The original subscription was not created with this Customer Profile.","The original subscription was not created with this Customer Profile."
"The specified month should not be in the future.","The specified month should not be in the future."
"Invalid OTS Token Data.","Invalid OTS Token Data."
"Invalid OTS Token.","Invalid OTS Token."
"Expired OTS Token.","Expired OTS Token."
"OTS Token access violation.","OTS Token access violation."
"OTS Service Error '{0}'.","OTS Service Error '{0}'."
"The transaction has been declined.","The transaction has been declined."
"Payment information should not be sent to Hosted Payment Page request.","Payment information should not be sent to Hosted Payment Page request."
"Payment and Shipping Profile IDs cannot be specified when creating new profiles.","Payment and Shipping Profile IDs cannot be specified when creating new profiles."
"No default payment/shipping profile found.","No default payment/shipping profile found."
"Please use Merchant Interface settings (API Credentials and Keys) to generate a signature key.","Please use Merchant Interface settings (API Credentials and Keys) to generate a signature key."
"The provided access token has expired.","The provided access token has expired."
"The provided access token is invalid.","The provided access token is invalid."
"Hash doesn't match.","Hash doesn't match."
"Failed shared key validation.","Failed shared key validation."
"Invoice does not exist.","Invoice does not exist."
"Requested action is not allowed.","Requested action is not allowed."
"Failed sending email.","Failed sending email."
"Valid Customer Profile ID or Email is required.","Valid Customer Profile ID or Email is required."
"Invoice created but not processed completely.","Invoice created but not processed completely."
"Invoicing or CIM service is not enabled.","Invoicing or CIM service is not enabled."
"Server error.","Server error."
"Due date is invalid.","Due date is invalid."
"Merchant has not provided processor information.","Merchant has not provided processor information."
"Processor account is still in process","Processor account is still in process"
"Multiple payment types are not allowed.","Multiple payment types are not allowed."
"Payment and Shipping Profile IDs cannot be specified when requesting a hosted payment page.","Payment and Shipping Profile IDs cannot be specified when requesting a hosted payment page."
"Access denied. Access Token does not have correct permissions for this API.","Access denied. Access Token does not have correct permissions for this API."
"Reference ID not found.","Reference ID not found."
"Payment Profile creation with this OpaqueData descriptor requires transactionMode to be set to liveMode.","Payment Profile creation with this OpaqueData descriptor requires transactionMode to be set to liveMode."
"RecurringBilling setting is a required field for recurring tokenized payment transactions.","RecurringBilling setting is a required field for recurring tokenized payment transactions."
"Failed to parse MerchantId to integer.","Failed to parse MerchantId to integer."
"We are currently holding the last transaction for review. Before you reactivate the subscription.","We are currently holding the last transaction for review. Before you reactivate the subscription."
"This invoice has been canceled by the sender. Please contact the sender directly if you have questions.","This invoice has been canceled by the sender. Please contact the sender directly if you have questions."
"Stored Payment Methods","Stored Payment Methods"
